"filename", "language", "C", "Shell Script", "Batch", "HTML", "XML", "Python", "Markdown", "CSS", "C++", "comment", "blank", "total"
"d:\TEMP\C_learn\Myserver\Dmfserver\Dmf-FrameWork\README.md", "Markdown", 0, 0, 0, 0, 0, 0, 86, 0, 0, 0, 27, 113
"d:\TEMP\C_learn\Myserver\Dmfserver\Dmf-FrameWork\Src\conf\conf.c", "C", 58, 0, 0, 0, 0, 0, 0, 0, 0, 25, 16, 99
"d:\TEMP\C_learn\Myserver\Dmfserver\Dmf-FrameWork\Src\conf\test.c", "C", 4, 0, 0, 0, 0, 0, 0, 0, 0, 17, 1, 22
"d:\TEMP\C_learn\Myserver\Dmfserver\Dmf-FrameWork\Src\cpool.c", "C", 35, 0, 0, 0, 0, 0, 0, 0, 0, 184, 10, 229
"d:\TEMP\C_learn\Myserver\Dmfserver\Dmf-FrameWork\Src\elr_mpl\elr_mpl.c", "C", 435, 0, 0, 0, 0, 0, 0, 0, 0, 59, 77, 571
"d:\TEMP\C_learn\Myserver\Dmfserver\Dmf-FrameWork\Src\elr_mpl\elr_mtx.c", "C", 35, 0, 0, 0, 0, 0, 0, 0, 0, 3, 8, 46
"d:\TEMP\C_learn\Myserver\Dmfserver\Dmf-FrameWork\Src\log.c", "C", 90, 0, 0, 0, 0, 0, 0, 0, 0, 57, 20, 167
"d:\TEMP\C_learn\Myserver\Dmfserver\Dmf-FrameWork\Src\main.c", "C", 112, 0, 0, 0, 0, 0, 0, 0, 0, 44, 30, 186
"d:\TEMP\C_learn\Myserver\Dmfserver\Dmf-FrameWork\Src\master.c", "C", 102, 0, 0, 0, 0, 0, 0, 0, 0, 35, 43, 180
"d:\TEMP\C_learn\Myserver\Dmfserver\Dmf-FrameWork\Src\mdb\mdb_operate.c", "C", 204, 0, 0, 0, 0, 0, 0, 0, 0, 35, 61, 300
"d:\TEMP\C_learn\Myserver\Dmfserver\Dmf-FrameWork\Src\mdb\mdbclient.c", "C", 110, 0, 0, 0, 0, 0, 0, 0, 0, 19, 34, 163
"d:\TEMP\C_learn\Myserver\Dmfserver\Dmf-FrameWork\Src\mdb\mdbserver.c", "C", 235, 0, 0, 0, 0, 0, 0, 0, 0, 21, 58, 314
"d:\TEMP\C_learn\Myserver\Dmfserver\Dmf-FrameWork\Src\middleware\jwt_token.c", "C", 52, 0, 0, 0, 0, 0, 0, 0, 0, 2, 12, 66
"d:\TEMP\C_learn\Myserver\Dmfserver\Dmf-FrameWork\Src\middleware\middleware.c", "C", 42, 0, 0, 0, 0, 0, 0, 0, 0, 23, 11, 76
"d:\TEMP\C_learn\Myserver\Dmfserver\Dmf-FrameWork\Src\model.c", "C", 68, 0, 0, 0, 0, 0, 0, 0, 0, 24, 23, 115
"d:\TEMP\C_learn\Myserver\Dmfserver\Dmf-FrameWork\Src\model\test.c", "C", 0, 0, 0, 0, 0, 0, 0, 0, 0, 17, 3, 20
"d:\TEMP\C_learn\Myserver\Dmfserver\Dmf-FrameWork\Src\mpool.c", "C", 153, 0, 0, 0, 0, 0, 0, 0, 0, 28, 36, 217
"d:\TEMP\C_learn\Myserver\Dmfserver\Dmf-FrameWork\Src\request.c", "C", 420, 0, 0, 0, 0, 0, 0, 0, 0, 82, 67, 569
"d:\TEMP\C_learn\Myserver\Dmfserver\Dmf-FrameWork\Src\response.c", "C", 328, 0, 0, 0, 0, 0, 0, 0, 0, 59, 91, 478
"d:\TEMP\C_learn\Myserver\Dmfserver\Dmf-FrameWork\Src\router.c", "C", 216, 0, 0, 0, 0, 0, 0, 0, 0, 23, 52, 291
"d:\TEMP\C_learn\Myserver\Dmfserver\Dmf-FrameWork\Src\server.c", "C", 498, 0, 0, 0, 0, 0, 0, 0, 0, 51, 158, 707
"d:\TEMP\C_learn\Myserver\Dmfserver\Dmf-FrameWork\Src\session.c", "C", 219, 0, 0, 0, 0, 0, 0, 0, 0, 133, 85, 437
"d:\TEMP\C_learn\Myserver\Dmfserver\Dmf-FrameWork\Src\template.c", "C", 154, 0, 0, 0, 0, 0, 0, 0, 0, 24, 37, 215
"d:\TEMP\C_learn\Myserver\Dmfserver\Dmf-FrameWork\Src\utility\base64.c", "C", 70, 0, 0, 0, 0, 0, 0, 0, 0, 24, 13, 107
"d:\TEMP\C_learn\Myserver\Dmfserver\Dmf-FrameWork\Src\utility\dm_hash.c", "C", 10, 0, 0, 0, 0, 0, 0, 0, 0, 18, 3, 31
"d:\TEMP\C_learn\Myserver\Dmfserver\Dmf-FrameWork\Src\utility\dm_list.c", "C", 64, 0, 0, 0, 0, 0, 0, 0, 0, 23, 16, 103
"d:\TEMP\C_learn\Myserver\Dmfserver\Dmf-FrameWork\Src\utility\dm_queue.c", "C", 90, 0, 0, 0, 0, 0, 0, 0, 0, 23, 16, 129
"d:\TEMP\C_learn\Myserver\Dmfserver\Dmf-FrameWork\Src\utility\dm_stack.c", "C", 87, 0, 0, 0, 0, 0, 0, 0, 0, 24, 21, 132
"d:\TEMP\C_learn\Myserver\Dmfserver\Dmf-FrameWork\Src\utility\dm_string.c", "C", 163, 0, 0, 0, 0, 0, 0, 0, 0, 34, 30, 227
"d:\TEMP\C_learn\Myserver\Dmfserver\Dmf-FrameWork\Src\utility\dm_thread_pool.c", "C", 147, 0, 0, 0, 0, 0, 0, 0, 0, 84, 69, 300
"d:\TEMP\C_learn\Myserver\Dmfserver\Dmf-FrameWork\Src\utility\dm_timer.c", "C", 63, 0, 0, 0, 0, 0, 0, 0, 0, 20, 13, 96
"d:\TEMP\C_learn\Myserver\Dmfserver\Dmf-FrameWork\Src\utility\utility.c", "C", 66, 0, 0, 0, 0, 0, 0, 0, 0, 26, 17, 109
"d:\TEMP\C_learn\Myserver\Dmfserver\Dmf-FrameWork\Src\views\mdb.c", "C", 27, 0, 0, 0, 0, 0, 0, 0, 0, 1, 11, 39
"d:\TEMP\C_learn\Myserver\Dmfserver\Dmf-FrameWork\Src\views\mysql.c", "C", 27, 0, 0, 0, 0, 0, 0, 0, 0, 1, 12, 40
"d:\TEMP\C_learn\Myserver\Dmfserver\Dmf-FrameWork\Src\views\other.c", "C", 22, 0, 0, 0, 0, 0, 0, 0, 0, 4, 8, 34
"d:\TEMP\C_learn\Myserver\Dmfserver\Dmf-FrameWork\Src\views\session.c", "C", 79, 0, 0, 0, 0, 0, 0, 0, 0, 1, 18, 98
"d:\TEMP\C_learn\Myserver\Dmfserver\Dmf-FrameWork\Src\views\template.c", "C", 27, 0, 0, 0, 0, 0, 0, 0, 0, 0, 8, 35
"d:\TEMP\C_learn\Myserver\Dmfserver\Dmf-FrameWork\Src\views\ws.c", "C", 13, 0, 0, 0, 0, 0, 0, 0, 0, 0, 4, 17
"d:\TEMP\C_learn\Myserver\Dmfserver\Dmf-FrameWork\bin\conf.xml", "XML", 0, 0, 0, 0, 27, 0, 0, 0, 0, 0, 6, 33
"d:\TEMP\C_learn\Myserver\Dmfserver\Dmf-FrameWork\bin\static\bootstrap.css", "CSS", 0, 0, 0, 0, 0, 0, 0, 1, 0, 5, 1, 7
"d:\TEMP\C_learn\Myserver\Dmfserver\Dmf-FrameWork\bin\static\conf.xml", "XML", 0, 0, 0, 0, 27, 0, 0, 0, 0, 0, 6, 33
"d:\TEMP\C_learn\Myserver\Dmfserver\Dmf-FrameWork\bin\templates\test.html", "HTML", 0, 0, 0, 16, 0, 0, 0, 0, 0, 0, 3, 19
"d:\TEMP\C_learn\Myserver\Dmfserver\Dmf-FrameWork\bin\templates\test2.html", "HTML", 0, 0, 0, 1, 0, 0, 0, 0, 0, 0, 0, 1
"d:\TEMP\C_learn\Myserver\Dmfserver\Dmf-FrameWork\build.sh", "Shell Script", 0, 1, 0, 0, 0, 0, 0, 0, 0, 0, 1, 2
"d:\TEMP\C_learn\Myserver\Dmfserver\Dmf-FrameWork\get.py", "Python", 0, 0, 0, 0, 0, 3, 0, 0, 0, 0, 1, 4
"d:\TEMP\C_learn\Myserver\Dmfserver\Dmf-FrameWork\include\dmfserver\dmfserver\conf\conf.h", "C", 46, 0, 0, 0, 0, 0, 0, 0, 0, 22, 18, 86
"d:\TEMP\C_learn\Myserver\Dmfserver\Dmf-FrameWork\include\dmfserver\dmfserver\cpool.h", "C++", 0, 0, 0, 0, 0, 0, 0, 0, 41, 19, 20, 80
"d:\TEMP\C_learn\Myserver\Dmfserver\Dmf-FrameWork\include\dmfserver\dmfserver\elr_mpl\elr_mpl.h", "C++", 0, 0, 0, 0, 0, 0, 0, 0, 47, 139, 19, 205
"d:\TEMP\C_learn\Myserver\Dmfserver\Dmf-FrameWork\include\dmfserver\dmfserver\elr_mpl\elr_mtx.h", "C++", 0, 0, 0, 0, 0, 0, 0, 0, 20, 46, 16, 82
"d:\TEMP\C_learn\Myserver\Dmfserver\Dmf-FrameWork\include\dmfserver\dmfserver\log.h", "C++", 0, 0, 0, 0, 0, 0, 0, 0, 36, 22, 21, 79
"d:\TEMP\C_learn\Myserver\Dmfserver\Dmf-FrameWork\include\dmfserver\dmfserver\mdb\mdb.h", "C++", 0, 0, 0, 0, 0, 0, 0, 0, 29, 21, 14, 64
"d:\TEMP\C_learn\Myserver\Dmfserver\Dmf-FrameWork\include\dmfserver\dmfserver\mdb\mdb_operate.h", "C++", 0, 0, 0, 0, 0, 0, 0, 0, 34, 17, 21, 72
"d:\TEMP\C_learn\Myserver\Dmfserver\Dmf-FrameWork\include\dmfserver\dmfserver\middleware\middleware.h", "C++", 0, 0, 0, 0, 0, 0, 0, 0, 14, 17, 10, 41
"d:\TEMP\C_learn\Myserver\Dmfserver\Dmf-FrameWork\include\dmfserver\dmfserver\model.h", "C", 29, 0, 0, 0, 0, 0, 0, 0, 0, 18, 18, 65
"d:\TEMP\C_learn\Myserver\Dmfserver\Dmf-FrameWork\include\dmfserver\dmfserver\mpool.h", "C++", 0, 0, 0, 0, 0, 0, 0, 0, 36, 19, 11, 66
"d:\TEMP\C_learn\Myserver\Dmfserver\Dmf-FrameWork\include\dmfserver\dmfserver\request.h", "C", 65, 0, 0, 0, 0, 0, 0, 0, 0, 19, 29, 113
"d:\TEMP\C_learn\Myserver\Dmfserver\Dmf-FrameWork\include\dmfserver\dmfserver\response.h", "C++", 0, 0, 0, 0, 0, 0, 0, 0, 53, 17, 25, 95
"d:\TEMP\C_learn\Myserver\Dmfserver\Dmf-FrameWork\include\dmfserver\dmfserver\router.h", "C++", 0, 0, 0, 0, 0, 0, 0, 0, 50, 19, 27, 96
"d:\TEMP\C_learn\Myserver\Dmfserver\Dmf-FrameWork\include\dmfserver\dmfserver\server.h", "C", 81, 0, 0, 0, 0, 0, 0, 0, 0, 20, 40, 141
"d:\TEMP\C_learn\Myserver\Dmfserver\Dmf-FrameWork\include\dmfserver\dmfserver\session.h", "C++", 0, 0, 0, 0, 0, 0, 0, 0, 44, 20, 20, 84
"d:\TEMP\C_learn\Myserver\Dmfserver\Dmf-FrameWork\include\dmfserver\dmfserver\template.h", "C++", 0, 0, 0, 0, 0, 0, 0, 0, 36, 17, 18, 71
"d:\TEMP\C_learn\Myserver\Dmfserver\Dmf-FrameWork\include\dmfserver\dmfserver\utility\base64.h", "C++", 0, 0, 0, 0, 0, 0, 0, 0, 7, 17, 5, 29
"d:\TEMP\C_learn\Myserver\Dmfserver\Dmf-FrameWork\include\dmfserver\dmfserver\utility\dm_hash.h", "C++", 0, 0, 0, 0, 0, 0, 0, 0, 10, 17, 6, 33
"d:\TEMP\C_learn\Myserver\Dmfserver\Dmf-FrameWork\include\dmfserver\dmfserver\utility\dm_list.h", "C++", 0, 0, 0, 0, 0, 0, 0, 0, 28, 20, 11, 59
"d:\TEMP\C_learn\Myserver\Dmfserver\Dmf-FrameWork\include\dmfserver\dmfserver\utility\dm_queue.h", "C++", 0, 0, 0, 0, 0, 0, 0, 0, 33, 20, 10, 63
"d:\TEMP\C_learn\Myserver\Dmfserver\Dmf-FrameWork\include\dmfserver\dmfserver\utility\dm_stack.h", "C++", 0, 0, 0, 0, 0, 0, 0, 0, 30, 19, 12, 61
"d:\TEMP\C_learn\Myserver\Dmfserver\Dmf-FrameWork\include\dmfserver\dmfserver\utility\dm_string.h", "C++", 0, 0, 0, 0, 0, 0, 0, 0, 33, 18, 12, 63
"d:\TEMP\C_learn\Myserver\Dmfserver\Dmf-FrameWork\include\dmfserver\dmfserver\utility\dm_thread_pool.h", "C++", 0, 0, 0, 0, 0, 0, 0, 0, 45, 28, 18, 91
"d:\TEMP\C_learn\Myserver\Dmfserver\Dmf-FrameWork\include\dmfserver\dmfserver\utility\dm_timer.h", "C++", 0, 0, 0, 0, 0, 0, 0, 0, 31, 18, 10, 59
"d:\TEMP\C_learn\Myserver\Dmfserver\Dmf-FrameWork\include\dmfserver\dmfserver\utility\utility.h", "C++", 0, 0, 0, 0, 0, 0, 0, 0, 15, 17, 7, 39
"d:\TEMP\C_learn\Myserver\Dmfserver\Dmf-FrameWork\include\elr_mpl\elr_mpl.h", "C++", 0, 0, 0, 0, 0, 0, 0, 0, 47, 139, 19, 205
"d:\TEMP\C_learn\Myserver\Dmfserver\Dmf-FrameWork\include\elr_mpl\elr_mtx.h", "C++", 0, 0, 0, 0, 0, 0, 0, 0, 20, 46, 14, 80
"d:\TEMP\C_learn\Myserver\Dmfserver\Dmf-FrameWork\include\iconv.h", "C++", 0, 0, 0, 0, 0, 0, 0, 0, 47, 61, 27, 135
"d:\TEMP\C_learn\Myserver\Dmfserver\Dmf-FrameWork\include\jansson\jansson.h", "C++", 0, 0, 0, 0, 0, 0, 0, 0, 319, 26, 75, 420
"d:\TEMP\C_learn\Myserver\Dmfserver\Dmf-FrameWork\include\jansson\jansson_config.h", "C++", 0, 0, 0, 0, 0, 0, 0, 0, 27, 31, 17, 75
"d:\TEMP\C_learn\Myserver\Dmfserver\Dmf-FrameWork\include\jwt\jwt.h", "C++", 0, 0, 0, 0, 0, 0, 0, 0, 113, 754, 85, 952
"d:\TEMP\C_learn\Myserver\Dmfserver\Dmf-FrameWork\include\libxml\DOCBparser.h", "C++", 0, 0, 0, 0, 0, 0, 0, 0, 66, 18, 13, 97
"d:\TEMP\C_learn\Myserver\Dmfserver\Dmf-FrameWork\include\libxml\HTMLparser.h", "C++", 0, 0, 0, 0, 0, 0, 0, 0, 210, 74, 22, 306
"d:\TEMP\C_learn\Myserver\Dmfserver\Dmf-FrameWork\include\libxml\HTMLtree.h", "C++", 0, 0, 0, 0, 0, 0, 0, 0, 93, 39, 16, 148
"d:\TEMP\C_learn\Myserver\Dmfserver\Dmf-FrameWork\include\libxml\SAX.h", "C++", 0, 0, 0, 0, 0, 0, 0, 0, 150, 9, 15, 174
"d:\TEMP\C_learn\Myserver\Dmfserver\Dmf-FrameWork\include\libxml\SAX2.h", "C++", 0, 0, 0, 0, 0, 0, 0, 0, 156, 9, 12, 177
"d:\TEMP\C_learn\Myserver\Dmfserver\Dmf-FrameWork\include\libxml\c14n.h", "C++", 0, 0, 0, 0, 0, 0, 0, 0, 54, 59, 14, 127
"d:\TEMP\C_learn\Myserver\Dmfserver\Dmf-FrameWork\include\libxml\catalog.h", "C++", 0, 0, 0, 0, 0, 0, 0, 0, 125, 42, 16, 183
"d:\TEMP\C_learn\Myserver\Dmfserver\Dmf-FrameWork\include\libxml\chvalid.h", "C++", 0, 0, 0, 0, 0, 0, 0, 0, 96, 103, 32, 231
"d:\TEMP\C_learn\Myserver\Dmfserver\Dmf-FrameWork\include\libxml\debugXML.h", "C++", 0, 0, 0, 0, 0, 0, 0, 0, 143, 55, 20, 218
"d:\TEMP\C_learn\Myserver\Dmfserver\Dmf-FrameWork\include\libxml\dict.h", "C++", 0, 0, 0, 0, 0, 0, 0, 0, 40, 21, 9, 70
"d:\TEMP\C_learn\Myserver\Dmfserver\Dmf-FrameWork\include\libxml\encoding.h", "C++", 0, 0, 0, 0, 0, 0, 0, 0, 131, 91, 19, 241
"d:\TEMP\C_learn\Myserver\Dmfserver\Dmf-FrameWork\include\libxml\entities.h", "C++", 0, 0, 0, 0, 0, 0, 0, 0, 109, 25, 17, 151
"d:\TEMP\C_learn\Myserver\Dmfserver\Dmf-FrameWork\include\libxml\globals.h", "C++", 0, 0, 0, 0, 0, 0, 0, 0, 370, 65, 68, 503
"d:\TEMP\C_learn\Myserver\Dmfserver\Dmf-FrameWork\include\libxml\hash.h", "C++", 0, 0, 0, 0, 0, 0, 0, 0, 135, 83, 16, 234
"d:\TEMP\C_learn\Myserver\Dmfserver\Dmf-FrameWork\include\libxml\list.h", "C++", 0, 0, 0, 0, 0, 0, 0, 0, 85, 39, 14, 138
"d:\TEMP\C_learn\Myserver\Dmfserver\Dmf-FrameWork\include\libxml\nanoftp.h", "C++", 0, 0, 0, 0, 0, 0, 0, 0, 88, 62, 13, 163
"d:\TEMP\C_learn\Myserver\Dmfserver\Dmf-FrameWork\include\libxml\nanohttp.h", "C++", 0, 0, 0, 0, 0, 0, 0, 0, 67, 9, 6, 82
"d:\TEMP\C_learn\Myserver\Dmfserver\Dmf-FrameWork\include\libxml\parser.h", "C++", 0, 0, 0, 0, 0, 0, 0, 0, 689, 471, 76, 1236
"d:\TEMP\C_learn\Myserver\Dmfserver\Dmf-FrameWork\include\libxml\parserInternals.h", "C++", 0, 0, 0, 0, 0, 0, 0, 0, 289, 275, 48, 612
"d:\TEMP\C_learn\Myserver\Dmfserver\Dmf-FrameWork\include\libxml\pattern.h", "C++", 0, 0, 0, 0, 0, 0, 0, 0, 65, 22, 14, 101
"d:\TEMP\C_learn\Myserver\Dmfserver\Dmf-FrameWork\include\libxml\relaxng.h", "C++", 0, 0, 0, 0, 0, 0, 0, 0, 148, 46, 20, 214
"d:\TEMP\C_learn\Myserver\Dmfserver\Dmf-FrameWork\include\libxml\schemasInternals.h", "C++", 0, 0, 0, 0, 0, 0, 0, 0, 399, 515, 45, 959
"d:\TEMP\C_learn\Myserver\Dmfserver\Dmf-FrameWork\include\libxml\schematron.h", "C++", 0, 0, 0, 0, 0, 0, 0, 0, 56, 70, 17, 143
"d:\TEMP\C_learn\Myserver\Dmfserver\Dmf-FrameWork\include\libxml\threads.h", "C++", 0, 0, 0, 0, 0, 0, 0, 0, 54, 18, 13, 85
"d:\TEMP\C_learn\Myserver\Dmfserver\Dmf-FrameWork\include\libxml\tree.h", "C++", 0, 0, 0, 0, 0, 0, 0, 0, 887, 275, 91, 1253
"d:\TEMP\C_learn\Myserver\Dmfserver\Dmf-FrameWork\include\libxml\uri.h", "C++", 0, 0, 0, 0, 0, 0, 0, 0, 64, 24, 7, 95
"d:\TEMP\C_learn\Myserver\Dmfserver\Dmf-FrameWork\include\libxml\valid.h", "C++", 0, 0, 0, 0, 0, 0, 0, 0, 332, 87, 40, 459
"d:\TEMP\C_learn\Myserver\Dmfserver\Dmf-FrameWork\include\libxml\xinclude.h", "C++", 0, 0, 0, 0, 0, 0, 0, 0, 53, 67, 10, 130
"d:\TEMP\C_learn\Myserver\Dmfserver\Dmf-FrameWork\include\libxml\xlink.h", "C++", 0, 0, 0, 0, 0, 0, 0, 0, 81, 87, 22, 190
"d:\TEMP\C_learn\Myserver\Dmfserver\Dmf-FrameWork\include\libxml\xmlIO.h", "C++", 0, 0, 0, 0, 0, 0, 0, 0, 209, 109, 43, 361
"d:\TEMP\C_learn\Myserver\Dmfserver\Dmf-FrameWork\include\libxml\xmlautomata.h", "C++", 0, 0, 0, 0, 0, 0, 0, 0, 112, 21, 14, 147
"d:\TEMP\C_learn\Myserver\Dmfserver\Dmf-FrameWork\include\libxml\xmlerror.h", "C++", 0, 0, 0, 0, 0, 0, 0, 0, 872, 59, 14, 945
"d:\TEMP\C_learn\Myserver\Dmfserver\Dmf-FrameWork\include\libxml\xmlexports.h", "C++", 0, 0, 0, 0, 0, 0, 0, 0, 99, 51, 13, 163
"d:\TEMP\C_learn\Myserver\Dmfserver\Dmf-FrameWork\include\libxml\xmlmemory.h", "C++", 0, 0, 0, 0, 0, 0, 0, 0, 88, 115, 22, 225
"d:\TEMP\C_learn\Myserver\Dmfserver\Dmf-FrameWork\include\libxml\xmlmodule.h", "C++", 0, 0, 0, 0, 0, 0, 0, 0, 25, 19, 14, 58
"d:\TEMP\C_learn\Myserver\Dmfserver\Dmf-FrameWork\include\libxml\xmlreader.h", "C++", 0, 0, 0, 0, 0, 0, 0, 0, 311, 79, 35, 425
"d:\TEMP\C_learn\Myserver\Dmfserver\Dmf-FrameWork\include\libxml\xmlregexp.h", "C++", 0, 0, 0, 0, 0, 0, 0, 0, 147, 54, 22, 223
"d:\TEMP\C_learn\Myserver\Dmfserver\Dmf-FrameWork\include\libxml\xmlsave.h", "C++", 0, 0, 0, 0, 0, 0, 0, 0, 61, 14, 14, 89
"d:\TEMP\C_learn\Myserver\Dmfserver\Dmf-FrameWork\include\libxml\xmlschemas.h", "C++", 0, 0, 0, 0, 0, 0, 0, 0, 135, 62, 22, 219
"d:\TEMP\C_learn\Myserver\Dmfserver\Dmf-FrameWork\include\libxml\xmlschemastypes.h", "C++", 0, 0, 0, 0, 0, 0, 0, 0, 132, 9, 11, 152
"d:\TEMP\C_learn\Myserver\Dmfserver\Dmf-FrameWork\include\libxml\xmlstring.h", "C++", 0, 0, 0, 0, 0, 0, 0, 0, 108, 24, 9, 141
"d:\TEMP\C_learn\Myserver\Dmfserver\Dmf-FrameWork\include\libxml\xmlunicode.h", "C++", 0, 0, 0, 0, 0, 0, 0, 0, 178, 13, 12, 203
"d:\TEMP\C_learn\Myserver\Dmfserver\Dmf-FrameWork\include\libxml\xmlversion.h", "C++", 0, 0, 0, 0, 0, 0, 0, 0, 160, 253, 55, 468
"d:\TEMP\C_learn\Myserver\Dmfserver\Dmf-FrameWork\include\libxml\xmlwriter.h", "C++", 0, 0, 0, 0, 0, 0, 0, 0, 358, 90, 38, 486
"d:\TEMP\C_learn\Myserver\Dmfserver\Dmf-FrameWork\include\libxml\xpath.h", "C++", 0, 0, 0, 0, 0, 0, 0, 0, 273, 205, 69, 547
"d:\TEMP\C_learn\Myserver\Dmfserver\Dmf-FrameWork\include\libxml\xpathInternals.h", "C++", 0, 0, 0, 0, 0, 0, 0, 0, 327, 242, 62, 631
"d:\TEMP\C_learn\Myserver\Dmfserver\Dmf-FrameWork\include\libxml\xpointer.h", "C++", 0, 0, 0, 0, 0, 0, 0, 0, 80, 24, 11, 115
"d:\TEMP\C_learn\Myserver\Dmfserver\Dmf-FrameWork\include\mysql\big_endian.h", "C++", 0, 0, 0, 0, 0, 0, 0, 0, 86, 24, 12, 122
"d:\TEMP\C_learn\Myserver\Dmfserver\Dmf-FrameWork\include\mysql\binary_log_types.h", "C++", 0, 0, 0, 0, 0, 0, 0, 0, 36, 38, 9, 83
"d:\TEMP\C_learn\Myserver\Dmfserver\Dmf-FrameWork\include\mysql\byte_order_generic.h", "C++", 0, 0, 0, 0, 0, 0, 0, 0, 70, 25, 10, 105
"d:\TEMP\C_learn\Myserver\Dmfserver\Dmf-FrameWork\include\mysql\byte_order_generic_x86.h", "C++", 0, 0, 0, 0, 0, 0, 0, 0, 27, 32, 10, 69
"d:\TEMP\C_learn\Myserver\Dmfserver\Dmf-FrameWork\include\mysql\decimal.h", "C++", 0, 0, 0, 0, 0, 0, 0, 0, 64, 62, 19, 145
"d:\TEMP\C_learn\Myserver\Dmfserver\Dmf-FrameWork\include\mysql\errmsg.h", "C++", 0, 0, 0, 0, 0, 0, 0, 0, 85, 27, 10, 122
"d:\TEMP\C_learn\Myserver\Dmfserver\Dmf-FrameWork\include\mysql\keycache.h", "C++", 0, 0, 0, 0, 0, 0, 0, 0, 105, 40, 19, 164
"d:\TEMP\C_learn\Myserver\Dmfserver\Dmf-FrameWork\include\mysql\little_endian.h", "C++", 0, 0, 0, 0, 0, 0, 0, 0, 61, 30, 15, 106
"d:\TEMP\C_learn\Myserver\Dmfserver\Dmf-FrameWork\include\mysql\m_ctype.h", "C++", 0, 0, 0, 0, 0, 0, 0, 0, 593, 88, 133, 814
"d:\TEMP\C_learn\Myserver\Dmfserver\Dmf-FrameWork\include\mysql\m_string.h", "C++", 0, 0, 0, 0, 0, 0, 0, 0, 189, 122, 41, 352
"d:\TEMP\C_learn\Myserver\Dmfserver\Dmf-FrameWork\include\mysql\my_alloc.h", "C++", 0, 0, 0, 0, 0, 0, 0, 0, 33, 41, 17, 91
"d:\TEMP\C_learn\Myserver\Dmfserver\Dmf-FrameWork\include\mysql\my_byteorder.h", "C++", 0, 0, 0, 0, 0, 0, 0, 0, 154, 36, 36, 226
"d:\TEMP\C_learn\Myserver\Dmfserver\Dmf-FrameWork\include\mysql\my_command.h", "C++", 0, 0, 0, 0, 0, 0, 0, 0, 39, 33, 5, 77
"d:\TEMP\C_learn\Myserver\Dmfserver\Dmf-FrameWork\include\mysql\my_compiler.h", "C++", 0, 0, 0, 0, 0, 0, 0, 0, 93, 76, 22, 191
"d:\TEMP\C_learn\Myserver\Dmfserver\Dmf-FrameWork\include\mysql\my_config.h", "C++", 0, 0, 0, 0, 0, 0, 0, 0, 134, 299, 38, 471
"d:\TEMP\C_learn\Myserver\Dmfserver\Dmf-FrameWork\include\mysql\my_dbug.h", "C++", 0, 0, 0, 0, 0, 0, 0, 0, 175, 62, 19, 256
"d:\TEMP\C_learn\Myserver\Dmfserver\Dmf-FrameWork\include\mysql\my_dir.h", "C++", 0, 0, 0, 0, 0, 0, 0, 0, 53, 30, 18, 101
"d:\TEMP\C_learn\Myserver\Dmfserver\Dmf-FrameWork\include\mysql\my_getopt.h", "C++", 0, 0, 0, 0, 0, 0, 0, 0, 82, 55, 20, 157
"d:\TEMP\C_learn\Myserver\Dmfserver\Dmf-FrameWork\include\mysql\my_global.h", "C++", 0, 0, 0, 0, 0, 0, 0, 0, 527, 175, 103, 805
"d:\TEMP\C_learn\Myserver\Dmfserver\Dmf-FrameWork\include\mysql\my_list.h", "C++", 0, 0, 0, 0, 0, 0, 0, 0, 24, 26, 8, 58
"d:\TEMP\C_learn\Myserver\Dmfserver\Dmf-FrameWork\include\mysql\my_sys.h", "C++", 0, 0, 0, 0, 0, 0, 0, 0, 701, 173, 119, 993
"d:\TEMP\C_learn\Myserver\Dmfserver\Dmf-FrameWork\include\mysql\my_thread.h", "C++", 0, 0, 0, 0, 0, 0, 0, 0, 145, 28, 27, 200
"d:\TEMP\C_learn\Myserver\Dmfserver\Dmf-FrameWork\include\mysql\my_thread_local.h", "C++", 0, 0, 0, 0, 0, 0, 0, 0, 61, 33, 21, 115
"d:\TEMP\C_learn\Myserver\Dmfserver\Dmf-FrameWork\include\mysql\my_xml.h", "C++", 0, 0, 0, 0, 0, 0, 0, 0, 55, 31, 18, 104
"d:\TEMP\C_learn\Myserver\Dmfserver\Dmf-FrameWork\include\mysql\mysql.h", "C++", 0, 0, 0, 0, 0, 0, 0, 0, 480, 190, 72, 742
"d:\TEMP\C_learn\Myserver\Dmfserver\Dmf-FrameWork\include\mysql\mysql\client_authentication.h", "C++", 0, 0, 0, 0, 0, 0, 0, 0, 14, 21, 4, 39
"d:\TEMP\C_learn\Myserver\Dmfserver\Dmf-FrameWork\include\mysql\mysql\client_plugin.h", "C++", 0, 0, 0, 0, 0, 0, 0, 0, 80, 108, 27, 215
"d:\TEMP\C_learn\Myserver\Dmfserver\Dmf-FrameWork\include\mysql\mysql\com_data.h", "C++", 0, 0, 0, 0, 0, 0, 0, 0, 87, 26, 20, 133
"d:\TEMP\C_learn\Myserver\Dmfserver\Dmf-FrameWork\include\mysql\mysql\get_password.h", "C++", 0, 0, 0, 0, 0, 0, 0, 0, 12, 25, 7, 44
"d:\TEMP\C_learn\Myserver\Dmfserver\Dmf-FrameWork\include\mysql\mysql\group_replication_priv.h", "C++", 0, 0, 0, 0, 0, 0, 0, 0, 42, 127, 38, 207
"d:\TEMP\C_learn\Myserver\Dmfserver\Dmf-FrameWork\include\mysql\mysql\innodb_priv.h", "C++", 0, 0, 0, 0, 0, 0, 0, 0, 14, 40, 9, 63
"d:\TEMP\C_learn\Myserver\Dmfserver\Dmf-FrameWork\include\mysql\mysql\mysql_lex_string.h", "C++", 0, 0, 0, 0, 0, 0, 0, 0, 15, 21, 5, 41
"d:\TEMP\C_learn\Myserver\Dmfserver\Dmf-FrameWork\include\mysql\mysql\plugin.h", "C++", 0, 0, 0, 0, 0, 0, 0, 0, 374, 258, 121, 753
"d:\TEMP\C_learn\Myserver\Dmfserver\Dmf-FrameWork\include\mysql\mysql\plugin_audit.h", "C++", 0, 0, 0, 0, 0, 0, 0, 0, 249, 272, 45, 566
"d:\TEMP\C_learn\Myserver\Dmfserver\Dmf-FrameWork\include\mysql\mysql\plugin_auth.h", "C++", 0, 0, 0, 0, 0, 0, 0, 0, 35, 128, 23, 186
"d:\TEMP\C_learn\Myserver\Dmfserver\Dmf-FrameWork\include\mysql\mysql\plugin_auth_common.h", "C++", 0, 0, 0, 0, 0, 0, 0, 0, 35, 107, 14, 156
"d:\TEMP\C_learn\Myserver\Dmfserver\Dmf-FrameWork\include\mysql\mysql\plugin_ftparser.h", "C++", 0, 0, 0, 0, 0, 0, 0, 0, 52, 150, 20, 222
"d:\TEMP\C_learn\Myserver\Dmfserver\Dmf-FrameWork\include\mysql\mysql\plugin_group_replication.h", "C++", 0, 0, 0, 0, 0, 0, 0, 0, 51, 94, 15, 160
"d:\TEMP\C_learn\Myserver\Dmfserver\Dmf-FrameWork\include\mysql\mysql\plugin_keyring.h", "C++", 0, 0, 0, 0, 0, 0, 0, 0, 19, 162, 11, 192
"d:\TEMP\C_learn\Myserver\Dmfserver\Dmf-FrameWork\include\mysql\mysql\plugin_trace.h", "C++", 0, 0, 0, 0, 0, 0, 0, 0, 91, 231, 35, 357
"d:\TEMP\C_learn\Myserver\Dmfserver\Dmf-FrameWork\include\mysql\mysql\plugin_validate_password.h", "C++", 0, 0, 0, 0, 0, 0, 0, 0, 12, 35, 7, 54
"d:\TEMP\C_learn\Myserver\Dmfserver\Dmf-FrameWork\include\mysql\mysql\psi\mysql_file.h", "C++", 0, 0, 0, 0, 0, 0, 0, 0, 1084, 244, 113, 1441
"d:\TEMP\C_learn\Myserver\Dmfserver\Dmf-FrameWork\include\mysql\mysql\psi\mysql_idle.h", "C++", 0, 0, 0, 0, 0, 0, 0, 0, 37, 54, 13, 104
"d:\TEMP\C_learn\Myserver\Dmfserver\Dmf-FrameWork\include\mysql\mysql\psi\mysql_mdl.h", "C++", 0, 0, 0, 0, 0, 0, 0, 0, 61, 48, 20, 129
"d:\TEMP\C_learn\Myserver\Dmfserver\Dmf-FrameWork\include\mysql\mysql\psi\mysql_memory.h", "C++", 0, 0, 0, 0, 0, 0, 0, 0, 24, 35, 11, 70
"d:\TEMP\C_learn\Myserver\Dmfserver\Dmf-FrameWork\include\mysql\mysql\psi\mysql_ps.h", "C++", 0, 0, 0, 0, 0, 0, 0, 0, 74, 25, 12, 111
"d:\TEMP\C_learn\Myserver\Dmfserver\Dmf-FrameWork\include\mysql\mysql\psi\mysql_socket.h", "C++", 0, 0, 0, 0, 0, 0, 0, 0, 745, 347, 170, 1262
"d:\TEMP\C_learn\Myserver\Dmfserver\Dmf-FrameWork\include\mysql\mysql\psi\mysql_sp.h", "C++", 0, 0, 0, 0, 0, 0, 0, 0, 65, 25, 15, 105
"d:\TEMP\C_learn\Myserver\Dmfserver\Dmf-FrameWork\include\mysql\mysql\psi\mysql_stage.h", "C++", 0, 0, 0, 0, 0, 0, 0, 0, 123, 55, 28, 206
"d:\TEMP\C_learn\Myserver\Dmfserver\Dmf-FrameWork\include\mysql\mysql\psi\mysql_statement.h", "C++", 0, 0, 0, 0, 0, 0, 0, 0, 176, 35, 32, 243
"d:\TEMP\C_learn\Myserver\Dmfserver\Dmf-FrameWork\include\mysql\mysql\psi\mysql_table.h", "C++", 0, 0, 0, 0, 0, 0, 0, 0, 65, 69, 16, 150
"d:\TEMP\C_learn\Myserver\Dmfserver\Dmf-FrameWork\include\mysql\mysql\psi\mysql_thread.h", "C++", 0, 0, 0, 0, 0, 0, 0, 0, 774, 410, 154, 1338
"d:\TEMP\C_learn\Myserver\Dmfserver\Dmf-FrameWork\include\mysql\mysql\psi\mysql_transaction.h", "C++", 0, 0, 0, 0, 0, 0, 0, 0, 161, 31, 29, 221
"d:\TEMP\C_learn\Myserver\Dmfserver\Dmf-FrameWork\include\mysql\mysql\psi\psi.h", "C++", 0, 0, 0, 0, 0, 0, 0, 0, 1089, 1618, 316, 3023
"d:\TEMP\C_learn\Myserver\Dmfserver\Dmf-FrameWork\include\mysql\mysql\psi\psi_base.h", "C++", 0, 0, 0, 0, 0, 0, 0, 0, 36, 106, 32, 174
"d:\TEMP\C_learn\Myserver\Dmfserver\Dmf-FrameWork\include\mysql\mysql\psi\psi_memory.h", "C++", 0, 0, 0, 0, 0, 0, 0, 0, 50, 91, 27, 168
"d:\TEMP\C_learn\Myserver\Dmfserver\Dmf-FrameWork\include\mysql\mysql\service_command.h", "C++", 0, 0, 0, 0, 0, 0, 0, 0, 87, 320, 36, 443
"d:\TEMP\C_learn\Myserver\Dmfserver\Dmf-FrameWork\include\mysql\mysql\service_locking.h", "C++", 0, 0, 0, 0, 0, 0, 0, 0, 41, 65, 16, 122
"d:\TEMP\C_learn\Myserver\Dmfserver\Dmf-FrameWork\include\mysql\mysql\service_my_plugin_log.h", "C++", 0, 0, 0, 0, 0, 0, 0, 0, 28, 28, 15, 71
"d:\TEMP\C_learn\Myserver\Dmfserver\Dmf-FrameWork\include\mysql\mysql\service_my_snprintf.h", "C++", 0, 0, 0, 0, 0, 0, 0, 0, 24, 73, 12, 109
"d:\TEMP\C_learn\Myserver\Dmfserver\Dmf-FrameWork\include\mysql\mysql\service_mysql_alloc.h", "C++", 0, 0, 0, 0, 0, 0, 0, 0, 49, 23, 17, 89
"d:\TEMP\C_learn\Myserver\Dmfserver\Dmf-FrameWork\include\mysql\mysql\service_mysql_keyring.h", "C++", 0, 0, 0, 0, 0, 0, 0, 0, 38, 21, 11, 70
"d:\TEMP\C_learn\Myserver\Dmfserver\Dmf-FrameWork\include\mysql\mysql\service_mysql_password_policy.h", "C++", 0, 0, 0, 0, 0, 0, 0, 0, 22, 40, 12, 74
"d:\TEMP\C_learn\Myserver\Dmfserver\Dmf-FrameWork\include\mysql\mysql\service_mysql_string.h", "C++", 0, 0, 0, 0, 0, 0, 0, 0, 68, 46, 27, 141
"d:\TEMP\C_learn\Myserver\Dmfserver\Dmf-FrameWork\include\mysql\mysql\service_parser.h", "C++", 0, 0, 0, 0, 0, 0, 0, 0, 115, 123, 55, 293
"d:\TEMP\C_learn\Myserver\Dmfserver\Dmf-FrameWork\include\mysql\mysql\service_rpl_transaction_ctx.h", "C++", 0, 0, 0, 0, 0, 0, 0, 0, 31, 42, 16, 89
"d:\TEMP\C_learn\Myserver\Dmfserver\Dmf-FrameWork\include\mysql\mysql\service_rpl_transaction_write_set.h", "C++", 0, 0, 0, 0, 0, 0, 0, 0, 40, 46, 17, 103
"d:\TEMP\C_learn\Myserver\Dmfserver\Dmf-FrameWork\include\mysql\mysql\service_rules_table.h", "C++", 0, 0, 0, 0, 0, 0, 0, 0, 75, 87, 37, 199
"d:\TEMP\C_learn\Myserver\Dmfserver\Dmf-FrameWork\include\mysql\mysql\service_security_context.h", "C++", 0, 0, 0, 0, 0, 0, 0, 0, 57, 27, 19, 103
"d:\TEMP\C_learn\Myserver\Dmfserver\Dmf-FrameWork\include\mysql\mysql\service_srv_session.h", "C++", 0, 0, 0, 0, 0, 0, 0, 0, 53, 96, 31, 180
"d:\TEMP\C_learn\Myserver\Dmfserver\Dmf-FrameWork\include\mysql\mysql\service_srv_session_info.h", "C++", 0, 0, 0, 0, 0, 0, 0, 0, 51, 102, 28, 181
"d:\TEMP\C_learn\Myserver\Dmfserver\Dmf-FrameWork\include\mysql\mysql\service_ssl_wrapper.h", "C++", 0, 0, 0, 0, 0, 0, 0, 0, 39, 119, 23, 181
"d:\TEMP\C_learn\Myserver\Dmfserver\Dmf-FrameWork\include\mysql\mysql\service_thd_alloc.h", "C++", 0, 0, 0, 0, 0, 0, 0, 0, 49, 70, 21, 140
"d:\TEMP\C_learn\Myserver\Dmfserver\Dmf-FrameWork\include\mysql\mysql\service_thd_engine_lock.h", "C++", 0, 0, 0, 0, 0, 0, 0, 0, 15, 32, 8, 55
"d:\TEMP\C_learn\Myserver\Dmfserver\Dmf-FrameWork\include\mysql\mysql\service_thd_wait.h", "C++", 0, 0, 0, 0, 0, 0, 0, 0, 40, 67, 15, 122
"d:\TEMP\C_learn\Myserver\Dmfserver\Dmf-FrameWork\include\mysql\mysql\service_thread_scheduler.h", "C++", 0, 0, 0, 0, 0, 0, 0, 0, 26, 53, 14, 93
"d:\TEMP\C_learn\Myserver\Dmfserver\Dmf-FrameWork\include\mysql\mysql\services.h", "C++", 0, 0, 0, 0, 0, 0, 0, 0, 31, 27, 9, 67
"d:\TEMP\C_learn\Myserver\Dmfserver\Dmf-FrameWork\include\mysql\mysql\thread_pool_priv.h", "C++", 0, 0, 0, 0, 0, 0, 0, 0, 68, 106, 19, 193
"d:\TEMP\C_learn\Myserver\Dmfserver\Dmf-FrameWork\include\mysql\mysql\thread_type.h", "C++", 0, 0, 0, 0, 0, 0, 0, 0, 22, 23, 7, 52
"d:\TEMP\C_learn\Myserver\Dmfserver\Dmf-FrameWork\include\mysql\mysql_com.h", "C++", 0, 0, 0, 0, 0, 0, 0, 0, 378, 177, 79, 634
"d:\TEMP\C_learn\Myserver\Dmfserver\Dmf-FrameWork\include\mysql\mysql_com_server.h", "C++", 0, 0, 0, 0, 0, 0, 0, 0, 15, 25, 9, 49
"d:\TEMP\C_learn\Myserver\Dmfserver\Dmf-FrameWork\include\mysql\mysql_embed.h", "C++", 0, 0, 0, 0, 0, 0, 0, 0, 6, 24, 7, 37
"d:\TEMP\C_learn\Myserver\Dmfserver\Dmf-FrameWork\include\mysql\mysql_time.h", "C++", 0, 0, 0, 0, 0, 0, 0, 0, 15, 46, 7, 68
"d:\TEMP\C_learn\Myserver\Dmfserver\Dmf-FrameWork\include\mysql\mysql_version.h", "C++", 0, 0, 0, 0, 0, 0, 0, 0, 20, 5, 6, 31
"d:\TEMP\C_learn\Myserver\Dmfserver\Dmf-FrameWork\include\mysql\mysqld_ername.h", "C++", 0, 0, 0, 0, 0, 0, 0, 0, 1128, 1, 2, 1131
"d:\TEMP\C_learn\Myserver\Dmfserver\Dmf-FrameWork\include\mysql\mysqld_error.h", "C++", 0, 0, 0, 0, 0, 0, 0, 0, 1133, 1, 4, 1138
"d:\TEMP\C_learn\Myserver\Dmfserver\Dmf-FrameWork\include\mysql\plugin.h", "C++", 0, 0, 0, 0, 0, 0, 0, 0, 374, 258, 121, 753
"d:\TEMP\C_learn\Myserver\Dmfserver\Dmf-FrameWork\include\mysql\plugin_audit.h", "C++", 0, 0, 0, 0, 0, 0, 0, 0, 249, 272, 45, 566
"d:\TEMP\C_learn\Myserver\Dmfserver\Dmf-FrameWork\include\mysql\plugin_ftparser.h", "C++", 0, 0, 0, 0, 0, 0, 0, 0, 52, 150, 20, 222
"d:\TEMP\C_learn\Myserver\Dmfserver\Dmf-FrameWork\include\mysql\plugin_group_replication.h", "C++", 0, 0, 0, 0, 0, 0, 0, 0, 51, 94, 15, 160
"d:\TEMP\C_learn\Myserver\Dmfserver\Dmf-FrameWork\include\mysql\plugin_keyring.h", "C++", 0, 0, 0, 0, 0, 0, 0, 0, 19, 162, 11, 192
"d:\TEMP\C_learn\Myserver\Dmfserver\Dmf-FrameWork\include\mysql\plugin_validate_password.h", "C++", 0, 0, 0, 0, 0, 0, 0, 0, 12, 35, 7, 54
"d:\TEMP\C_learn\Myserver\Dmfserver\Dmf-FrameWork\include\mysql\sql_common.h", "C++", 0, 0, 0, 0, 0, 0, 0, 0, 139, 52, 27, 218
"d:\TEMP\C_learn\Myserver\Dmfserver\Dmf-FrameWork\include\mysql\sql_state.h", "C++", 0, 0, 0, 0, 0, 0, 0, 0, 256, 1, 2, 259
"d:\TEMP\C_learn\Myserver\Dmfserver\Dmf-FrameWork\include\mysql\sslopt-case.h", "C++", 0, 0, 0, 0, 0, 0, 0, 0, 40, 22, 4, 66
"d:\TEMP\C_learn\Myserver\Dmfserver\Dmf-FrameWork\include\mysql\sslopt-longopts.h", "C++", 0, 0, 0, 0, 0, 0, 0, 0, 48, 21, 2, 71
"d:\TEMP\C_learn\Myserver\Dmfserver\Dmf-FrameWork\include\mysql\sslopt-vars.h", "C++", 0, 0, 0, 0, 0, 0, 0, 0, 48, 26, 9, 83
"d:\TEMP\C_learn\Myserver\Dmfserver\Dmf-FrameWork\include\mysql\thr_cond.h", "C++", 0, 0, 0, 0, 0, 0, 0, 0, 128, 55, 26, 209
"d:\TEMP\C_learn\Myserver\Dmfserver\Dmf-FrameWork\include\mysql\thr_mutex.h", "C++", 0, 0, 0, 0, 0, 0, 0, 0, 167, 41, 27, 235
"d:\TEMP\C_learn\Myserver\Dmfserver\Dmf-FrameWork\include\mysql\thr_rwlock.h", "C++", 0, 0, 0, 0, 0, 0, 0, 0, 121, 80, 21, 222
"d:\TEMP\C_learn\Myserver\Dmfserver\Dmf-FrameWork\include\mysql\typelib.h", "C++", 0, 0, 0, 0, 0, 0, 0, 0, 27, 30, 10, 67
"d:\TEMP\C_learn\Myserver\Dmfserver\Dmf-FrameWork\include\openssl\aes.h", "C++", 0, 0, 0, 0, 0, 0, 0, 0, 63, 15, 15, 93
"d:\TEMP\C_learn\Myserver\Dmfserver\Dmf-FrameWork\include\openssl\applink.c", "C", 105, 0, 0, 0, 0, 0, 0, 0, 0, 13, 21, 139
"d:\TEMP\C_learn\Myserver\Dmfserver\Dmf-FrameWork\include\openssl\asn1.h", "C++", 0, 0, 0, 0, 0, 0, 0, 0, 557, 172, 158, 887
"d:\TEMP\C_learn\Myserver\Dmfserver\Dmf-FrameWork\include\openssl\asn1_mac.h", "C++", 0, 0, 0, 0, 0, 0, 0, 0, 1, 8, 2, 11
"d:\TEMP\C_learn\Myserver\Dmfserver\Dmf-FrameWork\include\openssl\asn1err.h", "C++", 0, 0, 0, 0, 0, 0, 0, 0, 235, 15, 7, 257
"d:\TEMP\C_learn\Myserver\Dmfserver\Dmf-FrameWork\include\openssl\asn1t.h", "C++", 0, 0, 0, 0, 0, 0, 0, 0, 568, 202, 176, 946
"d:\TEMP\C_learn\Myserver\Dmfserver\Dmf-FrameWork\include\openssl\async.h", "C++", 0, 0, 0, 0, 0, 0, 0, 0, 53, 9, 15, 77
"d:\TEMP\C_learn\Myserver\Dmfserver\Dmf-FrameWork\include\openssl\asyncerr.h", "C++", 0, 0, 0, 0, 0, 0, 0, 0, 21, 15, 7, 43
"d:\TEMP\C_learn\Myserver\Dmfserver\Dmf-FrameWork\include\openssl\bio.h", "C++", 0, 0, 0, 0, 0, 0, 0, 0, 593, 111, 98, 802
"d:\TEMP\C_learn\Myserver\Dmfserver\Dmf-FrameWork\include\openssl\bioerr.h", "C++", 0, 0, 0, 0, 0, 0, 0, 0, 103, 15, 7, 125
"d:\TEMP\C_learn\Myserver\Dmfserver\Dmf-FrameWork\include\openssl\blowfish.h", "C++", 0, 0, 0, 0, 0, 0, 0, 0, 36, 13, 13, 62
"d:\TEMP\C_learn\Myserver\Dmfserver\Dmf-FrameWork\include\openssl\bn.h", "C++", 0, 0, 0, 0, 0, 0, 0, 0, 332, 148, 60, 540
"d:\TEMP\C_learn\Myserver\Dmfserver\Dmf-FrameWork\include\openssl\bnerr.h", "C++", 0, 0, 0, 0, 0, 0, 0, 0, 80, 15, 7, 102
"d:\TEMP\C_learn\Myserver\Dmfserver\Dmf-FrameWork\include\openssl\buffer.h", "C++", 0, 0, 0, 0, 0, 0, 0, 0, 35, 12, 12, 59
"d:\TEMP\C_learn\Myserver\Dmfserver\Dmf-FrameWork\include\openssl\buffererr.h", "C++", 0, 0, 0, 0, 0, 0, 0, 0, 13, 15, 7, 35
"d:\TEMP\C_learn\Myserver\Dmfserver\Dmf-FrameWork\include\openssl\camellia.h", "C++", 0, 0, 0, 0, 0, 0, 0, 0, 55, 14, 15, 84
"d:\TEMP\C_learn\Myserver\Dmfserver\Dmf-FrameWork\include\openssl\cast.h", "C++", 0, 0, 0, 0, 0, 0, 0, 0, 35, 8, 11, 54
"d:\TEMP\C_learn\Myserver\Dmfserver\Dmf-FrameWork\include\openssl\cmac.h", "C++", 0, 0, 0, 0, 0, 0, 0, 0, 23, 9, 10, 42
"d:\TEMP\C_learn\Myserver\Dmfserver\Dmf-FrameWork\include\openssl\cms.h", "C++", 0, 0, 0, 0, 0, 0, 0, 0, 277, 10, 53, 340
"d:\TEMP\C_learn\Myserver\Dmfserver\Dmf-FrameWork\include\openssl\cmserr.h", "C++", 0, 0, 0, 0, 0, 0, 0, 0, 180, 15, 9, 204
"d:\TEMP\C_learn\Myserver\Dmfserver\Dmf-FrameWork\include\openssl\comp.h", "C++", 0, 0, 0, 0, 0, 0, 0, 0, 33, 8, 13, 54
"d:\TEMP\C_learn\Myserver\Dmfserver\Dmf-FrameWork\include\openssl\comperr.h", "C++", 0, 0, 0, 0, 0, 0, 0, 0, 21, 15, 9, 45
"d:\TEMP\C_learn\Myserver\Dmfserver\Dmf-FrameWork\include\openssl\conf.h", "C", 125, 0, 0, 0, 0, 0, 0, 0, 0, 15, 29, 169
"d:\TEMP\C_learn\Myserver\Dmfserver\Dmf-FrameWork\include\openssl\conf_api.h", "C++", 0, 0, 0, 0, 0, 0, 0, 0, 22, 11, 8, 41
"d:\TEMP\C_learn\Myserver\Dmfserver\Dmf-FrameWork\include\openssl\conferr.h", "C++", 0, 0, 0, 0, 0, 0, 0, 0, 55, 15, 7, 77
"d:\TEMP\C_learn\Myserver\Dmfserver\Dmf-FrameWork\include\openssl\crypto.h", "C++", 0, 0, 0, 0, 0, 0, 0, 0, 305, 78, 63, 446
"d:\TEMP\C_learn\Myserver\Dmfserver\Dmf-FrameWork\include\openssl\cryptoerr.h", "C++", 0, 0, 0, 0, 0, 0, 0, 0, 36, 15, 7, 58
"d:\TEMP\C_learn\Myserver\Dmfserver\Dmf-FrameWork\include\openssl\ct.h", "C++", 0, 0, 0, 0, 0, 0, 0, 0, 116, 286, 73, 475
"d:\TEMP\C_learn\Myserver\Dmfserver\Dmf-FrameWork\include\openssl\cterr.h", "C++", 0, 0, 0, 0, 0, 0, 0, 0, 57, 15, 9, 81
"d:\TEMP\C_learn\Myserver\Dmfserver\Dmf-FrameWork\include\openssl\des.h", "C++", 0, 0, 0, 0, 0, 0, 0, 0, 113, 39, 23, 175
"d:\TEMP\C_learn\Myserver\Dmfserver\Dmf-FrameWork\include\openssl\dh.h", "C++", 0, 0, 0, 0, 0, 0, 0, 0, 247, 38, 56, 341
"d:\TEMP\C_learn\Myserver\Dmfserver\Dmf-FrameWork\include\openssl\dherr.h", "C++", 0, 0, 0, 0, 0, 0, 0, 0, 65, 15, 9, 89
"d:\TEMP\C_learn\Myserver\Dmfserver\Dmf-FrameWork\include\openssl\dsa.h", "C++", 0, 0, 0, 0, 0, 0, 0, 0, 174, 39, 32, 245
"d:\TEMP\C_learn\Myserver\Dmfserver\Dmf-FrameWork\include\openssl\dsaerr.h", "C++", 0, 0, 0, 0, 0, 0, 0, 0, 49, 15, 9, 73
"d:\TEMP\C_learn\Myserver\Dmfserver\Dmf-FrameWork\include\openssl\dtls1.h", "C++", 0, 0, 0, 0, 0, 0, 0, 0, 26, 15, 15, 56
"d:\TEMP\C_learn\Myserver\Dmfserver\Dmf-FrameWork\include\openssl\e_os2.h", "C++", 0, 0, 0, 0, 0, 0, 0, 0, 192, 82, 28, 302
"d:\TEMP\C_learn\Myserver\Dmfserver\Dmf-FrameWork\include\openssl\ebcdic.h", "C++", 0, 0, 0, 0, 0, 0, 0, 0, 18, 9, 7, 34
"d:\TEMP\C_learn\Myserver\Dmfserver\Dmf-FrameWork\include\openssl\ec.h", "C++", 0, 0, 0, 0, 0, 0, 0, 0, 485, 801, 199, 1485
"d:\TEMP\C_learn\Myserver\Dmfserver\Dmf-FrameWork\include\openssl\ecdh.h", "C++", 0, 0, 0, 0, 0, 0, 0, 0, 1, 8, 2, 11
"d:\TEMP\C_learn\Myserver\Dmfserver\Dmf-FrameWork\include\openssl\ecdsa.h", "C++", 0, 0, 0, 0, 0, 0, 0, 0, 1, 8, 2, 11
"d:\TEMP\C_learn\Myserver\Dmfserver\Dmf-FrameWork\include\openssl\ecerr.h", "C++", 0, 0, 0, 0, 0, 0, 0, 0, 253, 15, 9, 277
"d:\TEMP\C_learn\Myserver\Dmfserver\Dmf-FrameWork\include\openssl\engine.h", "C++", 0, 0, 0, 0, 0, 0, 0, 0, 288, 405, 60, 753
"d:\TEMP\C_learn\Myserver\Dmfserver\Dmf-FrameWork\include\openssl\engineerr.h", "C++", 0, 0, 0, 0, 0, 0, 0, 0, 88, 15, 9, 112
"d:\TEMP\C_learn\Myserver\Dmfserver\Dmf-FrameWork\include\openssl\err.h", "C++", 0, 0, 0, 0, 0, 0, 0, 0, 222, 23, 30, 275
"d:\TEMP\C_learn\Myserver\Dmfserver\Dmf-FrameWork\include\openssl\evp.h", "C++", 0, 0, 0, 0, 0, 0, 0, 0, 1338, 113, 216, 1667
"d:\TEMP\C_learn\Myserver\Dmfserver\Dmf-FrameWork\include\openssl\evperr.h", "C++", 0, 0, 0, 0, 0, 0, 0, 0, 183, 15, 7, 205
"d:\TEMP\C_learn\Myserver\Dmfserver\Dmf-FrameWork\include\openssl\hmac.h", "C++", 0, 0, 0, 0, 0, 0, 0, 0, 32, 8, 12, 52
"d:\TEMP\C_learn\Myserver\Dmfserver\Dmf-FrameWork\include\openssl\idea.h", "C++", 0, 0, 0, 0, 0, 0, 0, 0, 45, 8, 12, 65
"d:\TEMP\C_learn\Myserver\Dmfserver\Dmf-FrameWork\include\openssl\kdf.h", "C++", 0, 0, 0, 0, 0, 0, 0, 0, 69, 8, 21, 98
"d:\TEMP\C_learn\Myserver\Dmfserver\Dmf-FrameWork\include\openssl\kdferr.h", "C++", 0, 0, 0, 0, 0, 0, 0, 0, 34, 15, 7, 56
"d:\TEMP\C_learn\Myserver\Dmfserver\Dmf-FrameWork\include\openssl\lhash.h", "C++", 0, 0, 0, 0, 0, 0, 0, 0, 180, 35, 27, 242
"d:\TEMP\C_learn\Myserver\Dmfserver\Dmf-FrameWork\include\openssl\md2.h", "C++", 0, 0, 0, 0, 0, 0, 0, 0, 27, 8, 10, 45
"d:\TEMP\C_learn\Myserver\Dmfserver\Dmf-FrameWork\include\openssl\md4.h", "C++", 0, 0, 0, 0, 0, 0, 0, 0, 29, 13, 10, 52
"d:\TEMP\C_learn\Myserver\Dmfserver\Dmf-FrameWork\include\openssl\md5.h", "C++", 0, 0, 0, 0, 0, 0, 0, 0, 29, 13, 9, 51
"d:\TEMP\C_learn\Myserver\Dmfserver\Dmf-FrameWork\include\openssl\mdc2.h", "C++", 0, 0, 0, 0, 0, 0, 0, 0, 26, 8, 9, 43
"d:\TEMP\C_learn\Myserver\Dmfserver\Dmf-FrameWork\include\openssl\modes.h", "C++", 0, 0, 0, 0, 0, 0, 0, 0, 174, 8, 27, 209
"d:\TEMP\C_learn\Myserver\Dmfserver\Dmf-FrameWork\include\openssl\obj_mac.h", "C++", 0, 0, 0, 0, 0, 0, 0, 0, 3974, 10, 1215, 5199
"d:\TEMP\C_learn\Myserver\Dmfserver\Dmf-FrameWork\include\openssl\objects.h", "C++", 0, 0, 0, 0, 0, 0, 0, 0, 118, 34, 24, 176
"d:\TEMP\C_learn\Myserver\Dmfserver\Dmf-FrameWork\include\openssl\objectserr.h", "C++", 0, 0, 0, 0, 0, 0, 0, 0, 21, 15, 7, 43
"d:\TEMP\C_learn\Myserver\Dmfserver\Dmf-FrameWork\include\openssl\ocsp.h", "C++", 0, 0, 0, 0, 0, 0, 0, 0, 260, 25, 68, 353
"d:\TEMP\C_learn\Myserver\Dmfserver\Dmf-FrameWork\include\openssl\ocsperr.h", "C++", 0, 0, 0, 0, 0, 0, 0, 0, 55, 15, 9, 79
"d:\TEMP\C_learn\Myserver\Dmfserver\Dmf-FrameWork\include\openssl\opensslconf.h", "C++", 0, 0, 0, 0, 0, 0, 0, 0, 149, 33, 22, 204
"d:\TEMP\C_learn\Myserver\Dmfserver\Dmf-FrameWork\include\openssl\opensslv.h", "C++", 0, 0, 0, 0, 0, 0, 0, 0, 13, 82, 7, 102
"d:\TEMP\C_learn\Myserver\Dmfserver\Dmf-FrameWork\include\openssl\ossl_typ.h", "C++", 0, 0, 0, 0, 0, 0, 0, 0, 147, 14, 37, 198
"d:\TEMP\C_learn\Myserver\Dmfserver\Dmf-FrameWork\include\openssl\pem.h", "C++", 0, 0, 0, 0, 0, 0, 0, 0, 307, 15, 57, 379
"d:\TEMP\C_learn\Myserver\Dmfserver\Dmf-FrameWork\include\openssl\pem2.h", "C++", 0, 0, 0, 0, 0, 0, 0, 0, 4, 8, 2, 14
"d:\TEMP\C_learn\Myserver\Dmfserver\Dmf-FrameWork\include\openssl\pemerr.h", "C++", 0, 0, 0, 0, 0, 0, 0, 0, 84, 15, 7, 106
"d:\TEMP\C_learn\Myserver\Dmfserver\Dmf-FrameWork\include\openssl\pkcs12.h", "C++", 0, 0, 0, 0, 0, 0, 0, 0, 176, 12, 36, 224
"d:\TEMP\C_learn\Myserver\Dmfserver\Dmf-FrameWork\include\openssl\pkcs12err.h", "C++", 0, 0, 0, 0, 0, 0, 0, 0, 60, 15, 7, 82
"d:\TEMP\C_learn\Myserver\Dmfserver\Dmf-FrameWork\include\openssl\pkcs7.h", "C++", 0, 0, 0, 0, 0, 0, 0, 0, 234, 38, 48, 320
"d:\TEMP\C_learn\Myserver\Dmfserver\Dmf-FrameWork\include\openssl\pkcs7err.h", "C++", 0, 0, 0, 0, 0, 0, 0, 0, 82, 15, 7, 104
"d:\TEMP\C_learn\Myserver\Dmfserver\Dmf-FrameWork\include\openssl\rand.h", "C++", 0, 0, 0, 0, 0, 0, 0, 0, 53, 9, 16, 78
"d:\TEMP\C_learn\Myserver\Dmfserver\Dmf-FrameWork\include\openssl\rand_drbg.h", "C++", 0, 0, 0, 0, 0, 0, 0, 0, 66, 44, 21, 131
"d:\TEMP\C_learn\Myserver\Dmfserver\Dmf-FrameWork\include\openssl\randerr.h", "C++", 0, 0, 0, 0, 0, 0, 0, 0, 73, 15, 7, 95
"d:\TEMP\C_learn\Myserver\Dmfserver\Dmf-FrameWork\include\openssl\rc2.h", "C++", 0, 0, 0, 0, 0, 0, 0, 0, 33, 8, 11, 52
"d:\TEMP\C_learn\Myserver\Dmfserver\Dmf-FrameWork\include\openssl\rc4.h", "C++", 0, 0, 0, 0, 0, 0, 0, 0, 21, 8, 8, 37
"d:\TEMP\C_learn\Myserver\Dmfserver\Dmf-FrameWork\include\openssl\rc5.h", "C++", 0, 0, 0, 0, 0, 0, 0, 0, 39, 13, 12, 64
"d:\TEMP\C_learn\Myserver\Dmfserver\Dmf-FrameWork\include\openssl\ripemd.h", "C++", 0, 0, 0, 0, 0, 0, 0, 0, 29, 8, 11, 48
"d:\TEMP\C_learn\Myserver\Dmfserver\Dmf-FrameWork\include\openssl\rsa.h", "C++", 0, 0, 0, 0, 0, 0, 0, 0, 370, 72, 72, 514
"d:\TEMP\C_learn\Myserver\Dmfserver\Dmf-FrameWork\include\openssl\rsaerr.h", "C++", 0, 0, 0, 0, 0, 0, 0, 0, 146, 15, 7, 168
"d:\TEMP\C_learn\Myserver\Dmfserver\Dmf-FrameWork\include\openssl\safestack.h", "C++", 0, 0, 0, 0, 0, 0, 0, 0, 155, 41, 12, 208
"d:\TEMP\C_learn\Myserver\Dmfserver\Dmf-FrameWork\include\openssl\seed.h", "C++", 0, 0, 0, 0, 0, 0, 0, 0, 49, 33, 15, 97
"d:\TEMP\C_learn\Myserver\Dmfserver\Dmf-FrameWork\include\openssl\sha.h", "C", 76, 0, 0, 0, 0, 0, 0, 0, 0, 27, 17, 120
"d:\TEMP\C_learn\Myserver\Dmfserver\Dmf-FrameWork\include\openssl\srp.h", "C++", 0, 0, 0, 0, 0, 0, 0, 0, 86, 24, 26, 136
"d:\TEMP\C_learn\Myserver\Dmfserver\Dmf-FrameWork\include\openssl\srtp.h", "C++", 0, 0, 0, 0, 0, 0, 0, 0, 24, 14, 13, 51
"d:\TEMP\C_learn\Myserver\Dmfserver\Dmf-FrameWork\include\openssl\ssl.h", "C++", 0, 0, 0, 0, 0, 0, 0, 0, 1730, 461, 258, 2449
"d:\TEMP\C_learn\Myserver\Dmfserver\Dmf-FrameWork\include\openssl\ssl2.h", "C++", 0, 0, 0, 0, 0, 0, 0, 0, 11, 8, 6, 25
"d:\TEMP\C_learn\Myserver\Dmfserver\Dmf-FrameWork\include\openssl\ssl3.h", "C++", 0, 0, 0, 0, 0, 0, 0, 0, 223, 64, 56, 343
"d:\TEMP\C_learn\Myserver\Dmfserver\Dmf-FrameWork\include\openssl\sslerr.h", "C++", 0, 0, 0, 0, 0, 0, 0, 0, 755, 15, 7, 777
"d:\TEMP\C_learn\Myserver\Dmfserver\Dmf-FrameWork\include\openssl\stack.h", "C++", 0, 0, 0, 0, 0, 0, 0, 0, 65, 8, 11, 84
"d:\TEMP\C_learn\Myserver\Dmfserver\Dmf-FrameWork\include\openssl\store.h", "C++", 0, 0, 0, 0, 0, 0, 0, 0, 121, 111, 35, 267
"d:\TEMP\C_learn\Myserver\Dmfserver\Dmf-FrameWork\include\openssl\storeerr.h", "C++", 0, 0, 0, 0, 0, 0, 0, 0, 70, 15, 7, 92
"d:\TEMP\C_learn\Myserver\Dmfserver\Dmf-FrameWork\include\openssl\symhacks.h", "C++", 0, 0, 0, 0, 0, 0, 0, 0, 20, 10, 8, 38
"d:\TEMP\C_learn\Myserver\Dmfserver\Dmf-FrameWork\include\openssl\tls1.h", "C++", 0, 0, 0, 0, 0, 0, 0, 0, 936, 147, 155, 1238
"d:\TEMP\C_learn\Myserver\Dmfserver\Dmf-FrameWork\include\openssl\ts.h", "C++", 0, 0, 0, 0, 0, 0, 0, 0, 334, 118, 108, 560
"d:\TEMP\C_learn\Myserver\Dmfserver\Dmf-FrameWork\include\openssl\tserr.h", "C++", 0, 0, 0, 0, 0, 0, 0, 0, 109, 15, 9, 133
"d:\TEMP\C_learn\Myserver\Dmfserver\Dmf-FrameWork\include\openssl\txt_db.h", "C++", 0, 0, 0, 0, 0, 0, 0, 0, 40, 8, 10, 58
"d:\TEMP\C_learn\Myserver\Dmfserver\Dmf-FrameWork\include\openssl\ui.h", "C++", 0, 0, 0, 0, 0, 0, 0, 0, 128, 208, 33, 369
"d:\TEMP\C_learn\Myserver\Dmfserver\Dmf-FrameWork\include\openssl\uierr.h", "C++", 0, 0, 0, 0, 0, 0, 0, 0, 44, 15, 7, 66
"d:\TEMP\C_learn\Myserver\Dmfserver\Dmf-FrameWork\include\openssl\whrlpool.h", "C++", 0, 0, 0, 0, 0, 0, 0, 0, 31, 9, 9, 49
"d:\TEMP\C_learn\Myserver\Dmfserver\Dmf-FrameWork\include\openssl\x509.h", "C++", 0, 0, 0, 0, 0, 0, 0, 0, 821, 60, 170, 1051
"d:\TEMP\C_learn\Myserver\Dmfserver\Dmf-FrameWork\include\openssl\x509_vfy.h", "C++", 0, 0, 0, 0, 0, 0, 0, 0, 483, 77, 73, 633
"d:\TEMP\C_learn\Myserver\Dmfserver\Dmf-FrameWork\include\openssl\x509err.h", "C++", 0, 0, 0, 0, 0, 0, 0, 0, 108, 15, 7, 130
"d:\TEMP\C_learn\Myserver\Dmfserver\Dmf-FrameWork\include\openssl\x509v3.h", "C++", 0, 0, 0, 0, 0, 0, 0, 0, 707, 83, 149, 939
"d:\TEMP\C_learn\Myserver\Dmfserver\Dmf-FrameWork\include\openssl\x509v3err.h", "C++", 0, 0, 0, 0, 0, 0, 0, 0, 143, 15, 7, 165
"d:\TEMP\C_learn\Myserver\Dmfserver\Dmf-FrameWork\include\pcre\config.h", "C++", 0, 0, 0, 0, 0, 0, 0, 0, 25, 21, 12, 58
"d:\TEMP\C_learn\Myserver\Dmfserver\Dmf-FrameWork\include\pcre\pcre.h", "C++", 0, 0, 0, 0, 0, 0, 0, 0, 475, 128, 75, 678
"d:\TEMP\C_learn\Myserver\Dmfserver\Dmf-FrameWork\include\pcre\pcre_chartables.c", "C", 141, 0, 0, 0, 0, 0, 0, 0, 0, 35, 23, 199
"d:\TEMP\C_learn\Myserver\Dmfserver\Dmf-FrameWork\include\pcre\pcre_stringpiece.h", "C++", 0, 0, 0, 0, 0, 0, 0, 0, 101, 54, 25, 180
"d:\TEMP\C_learn\Myserver\Dmfserver\Dmf-FrameWork\include\pcre\pcrecpparg.h", "C++", 0, 0, 0, 0, 0, 0, 0, 0, 106, 39, 30, 175
"d:\TEMP\C_learn\Myserver\Dmfserver\Dmf-FrameWork\include\pthread.h", "C", 584, 0, 0, 0, 0, 0, 0, 0, 0, 533, 252, 1369
"d:\TEMP\C_learn\Myserver\Dmfserver\Dmf-FrameWork\include\pthread\pthread.h", "C", 584, 0, 0, 0, 0, 0, 0, 0, 0, 533, 252, 1369
"d:\TEMP\C_learn\Myserver\Dmfserver\Dmf-FrameWork\include\pthread\sched.h", "C++", 0, 0, 0, 0, 0, 0, 0, 0, 81, 68, 30, 179
"d:\TEMP\C_learn\Myserver\Dmfserver\Dmf-FrameWork\include\pthread\semaphore.h", "C++", 0, 0, 0, 0, 0, 0, 0, 0, 80, 55, 32, 167
"d:\TEMP\C_learn\Myserver\Dmfserver\Dmf-FrameWork\include\sched.h", "C++", 0, 0, 0, 0, 0, 0, 0, 0, 81, 68, 30, 179
"d:\TEMP\C_learn\Myserver\Dmfserver\Dmf-FrameWork\include\semaphore.h", "C++", 0, 0, 0, 0, 0, 0, 0, 0, 80, 55, 32, 167
"d:\TEMP\C_learn\Myserver\Dmfserver\Dmf-FrameWork\winbuild.bat", "Batch", 0, 0, 1, 0, 0, 0, 0, 0, 0, 0, 0, 1
"d:\TEMP\C_learn\Myserver\Dmfserver\Dmf-FrameWork\winbuild.sh", "Shell Script", 0, 1, 0, 0, 0, 0, 0, 0, 0, 0, 0, 1
"Total", "-", 6361, 2, 1, 17, 54, 3, 86, 1, 48497, 23926, 11730, 90678